OBJECTID,GRIDCODE,Shape_Length,Shape_Area,SUBBASIN,LU_NUM,LU_CODE,SOIL_NUM,SOIL_CODE,SLOPE_NUM,SLOPE_CODE,MEAN_SLOPE,AREA,UNIQUECOMB,HRUGIS
1,1,71534.347343970090000,737018.921000364940000,1,71,RNGE,9768,WA229,2,23-45,35.279380798339844,73.701892139522258,1_RNGE_WA229_23-45,000010035
2,2,1622.323965279385400,13493.807620775944000,1,52,RNGB,9864,WA325,2,23-45,35.896324157714844,1.349380762798577,1_RNGB_WA325_23-45,000010033
3,3,2686.974067490547900,27630.177509150551000,1,52,RNGB,9864,WA325,3,45-66,55.889781951904297,2.763017752397086,1_RNGB_WA325_45-66,000010031
4,4,3396.740802300628300,34698.362453367365000,1,71,RNGE,9864,WA325,4,66-96,73.887458801269531,3.469836247196340,1_RNGE_WA325_66-96,000010043
5,5,115235.699158635920000,1258779.482336037300000,1,71,RNGE,9768,WA229,3,45-66,55.848602294921875,125.877948301067210,1_RNGE_WA229_45-66,000010039
6,6,341854.078058400190000,6717345.946065968800000,1,42,FRSE,9768,WA229,2,23-45,35.143989562988281,671.734594966491390,1_FRSE_WA229_23-45,000010018
7,7,109811.053399748630000,2117885.234191073100000,1,42,FRSE,9768,WA229,1,0-23,14.845321655273438,211.788523532576590,1_FRSE_WA229_0-23,000010017
8,8,7097.667348089162300,89958.717471697993000,1,71,RNGE,9864,WA325,3,45-66,56.068332672119141,8.995871751990512,1_RNGE_WA325_45-66,000010041
9,9,93131.535131741315000,1176531.512076621200000,1,71,RNGE,9768,WA229,4,66-96,77.356765747070313,117.653151270675890,1_RNGE_WA229_66-96,000010037
10,10,25399.509581376798000,269233.590147330020000,1,71,RNGE,9768,WA229,1,0-23,15.440278053283691,26.923359029171600,1_RNGE_WA229_0-23,000010038
11,11,31331.131579432171000,503126.255574071780000,1,42,FRSE,9864,WA325,3,45-66,53.929687500000000,50.312625584346932,1_FRSE_WA325_45-66,000010022
12,12,435999.565668430650000,6931961.743463370000000,1,42,FRSE,9768,WA229,3,45-66,54.874137878417969,693.196174717668780,1_FRSE_WA229_45-66,000010019
13,13,1318.138221788685800,12851.245353118262000,1,52,RNGB,9864,WA325,1,0-23,16.030897140502930,1.285124535998645,1_RNGB_WA325_0-23,000010034
14,14,9936.734287328086800,167708.751858029830000,1,42,FRSE,9864,WA325,1,0-23,13.318345069885254,16.770875194782310,1_FRSE_WA325_0-23,000010023
15,15,29252.528998918366000,411239.851299135130000,1,42,FRSE,9864,WA325,2,23-45,35.983917236328125,41.123985151956624,1_FRSE_WA325_23-45,000010024
16,16,4765.576648005750000,61685.977694925161000,1,71,RNGE,9864,WA325,2,23-45,34.142208099365234,6.168597772793493,1_RNGE_WA325_23-45,000010040
17,17,557.673863064497710,5140.498141243763700,1,81,HAY,9864,WA325,3,45-66,48.710865020751953,0.514049814399458,1_HAY_WA325_45-66,000010051
18,18,3954.414665364660300,42409.109665212352000,1,71,RNGE,9864,WA325,1,0-23,13.879297256469727,4.240910968795527,1_RNGE_WA325_0-23,000010042
19,19,811.161982639227060,7710.747211862693800,1,81,HAY,9864,WA325,2,23-45,36.320877075195313,0.771074721599187,1_HAY_WA325_23-45,000010050
20,20,101.395247830078010,642.562267657683610,1,31,SWRN,9864,WA325,4,66-96,84.493431091308594,0.064256226799932,1_SWRN_WA325_66-96,000010012
21,21,8517.200817712117000,98312.026951324602000,1,31,SWRN,9768,WA229,4,66-96,79.750724792480469,9.831202700389630,1_SWRN_WA229_66-96,000010010
22,22,5779.529126304667400,52047.543680059905000,1,31,SWRN,9768,WA229,3,45-66,56.389942169189453,5.204754370794509,1_SWRN_WA229_45-66,000010011
23,23,99570.133368937299000,1057657.492560197600000,1,52,RNGB,9768,WA229,4,66-96,77.691497802734375,105.765749312688430,1_RNGB_WA229_66-96,000010028
24,24,37212.055953559931000,440797.715611388560000,1,52,RNGB,9768,WA229,1,0-23,14.582529067993164,44.079771584753502,1_RNGB_WA229_0-23,000010029
25,25,1571.626341362949500,14136.369888404119000,1,52,RNGB,9864,WA325,4,66-96,76.953361511230469,1.413636989598509,1_RNGB_WA325_66-96,000010032
26,26,92016.187405611388000,897659.487914295980000,1,52,RNGB,9768,WA229,2,23-45,34.988220214843750,89.765948839505299,1_RNGB_WA229_23-45,000010027
27,27,120863.135413189880000,1207374.500923422600000,1,52,RNGB,9768,WA229,3,45-66,55.486545562744141,120.737450157072640,1_RNGB_WA229_45-66,000010025
28,28,9581.850919926073400,109235.585501416690000,1,42,FRSE,9864,WA325,4,66-96,74.200805664062500,10.923558555988476,1_FRSE_WA325_66-96,000010020
29,29,5475.343382816761700,37911.173791697096000,2,52,RNGB,9815,WA276,1,0-23,15.552806854248047,3.791117381196001,2_RNGB_WA276_0-23,000020068
30,30,233716.046247857160000,3356102.723963280200000,2,42,FRSE,9815,WA276,2,23-45,35.461608886718750,335.610272576045930,2_FRSE_WA276_23-45,000020048
31,31,363654.056341845080000,5542742.120792946800000,2,42,FRSE,9815,WA276,3,45-66,55.702537536621094,554.274212376215360,2_FRSE_WA276_45-66,000020047
32,32,77871.550333341584000,1118058.345719659700000,2,42,FRSE,9815,WA276,1,0-23,15.788633346557617,111.805834631882050,2_FRSE_WA276_0-23,000020046
33,33,2230.695452257059500,15421.494423725388000,2,71,RNGE,9815,WA276,1,0-23,15.289054870605469,1.542149443198373,2_RNGE_WA276_0-23,000020088
34,34,61749.705928380601000,568025.044606807290000,2,52,RNGB,9815,WA276,3,45-66,56.627346038818359,56.802504491140084,2_RNGB_WA276_45-66,000020067
35,35,26210.671564023476000,221683.982341027350000,2,52,RNGB,9815,WA276,2,23-45,36.516170501708984,22.168398245976618,2_RNGB_WA276_23-45,000020066
36,36,11812.546372185927000,104737.649627807000000,2,71,RNGE,9815,WA276,2,23-45,36.831272125244141,10.473764968388952,2_RNGE_WA276_23-45,000020087
37,37,259166.253453169480000,3652323.929351778700000,2,42,FRSE,9815,WA276,4,66-96,76.357513427734375,365.232393130814780,2_FRSE_WA276_66-96,000020045
38,38,76604.109735467471000,794849.525089155070000,2,52,RNGB,9815,WA276,4,66-96,78.882034301757812,79.484952551516159,2_RNGB_WA276_66-96,000020065
39,39,23118.116505212151000,191483.555761228370000,2,71,RNGE,9815,WA276,3,45-66,56.897968292236328,19.148355586379804,2_RNGE_WA276_45-66,000020086
40,40,36248.801099169999000,353409.247210215080000,2,71,RNGE,9815,WA276,4,66-96,80.469551086425781,35.340924739962723,2_RNGE_WA276_66-96,000020084
41,41,27680.902657558210000,272446.401485931240000,2,52,RNGB,9815,WA276,999,96-9999,118.253372192382810,27.244640163171258,2_RNGB_WA276_96-9999,000020064
42,42,9936.734287329483800,99597.151486551433000,1,81,HAY,9768,WA229,3,45-66,57.221126556396484,9.959715153989492,1_HAY_WA229_45-66,000010046
43,43,152.092871745117010,1285.124535315367200,1,52,RNGB,9864,WA325,999,96-9999,99.400375366210938,0.128512453599864,1_RNGB_WA325_96-9999,000010030
44,44,263374.156238085120000,4177297.302025704200000,1,42,FRSE,9768,WA229,4,66-96,77.142265319824219,417.729730426359370,1_FRSE_WA229_66-96,000010016
45,45,8365.107945964206000,89958.717471727490000,1,81,HAY,9768,WA229,4,66-96,75.104156494140625,8.995871751990512,1_HAY_WA229_66-96,000010047
46,46,18403.237481116783000,201121.989775875260000,2,71,RNGE,9815,WA276,999,96-9999,116.177352905273440,20.112198988378786,2_RNGE_WA276_96-9999,000020085
47,47,3498.136050126981000,30200.426579722269000,1,81,HAY,9768,WA229,2,23-45,37.106441497802734,3.020042659596814,1_HAY_WA229_23-45,000010044
48,48,40659.494379776064000,438870.028808433210000,2,42,FRSE,9815,WA276,999,96-9999,113.255737304687500,43.887002904353700,2_FRSE_WA276_96-9999,000020044
49,49,7148.364972009789200,77750.034386302330000,2,31,SWRN,9815,WA276,4,66-96,79.558341979980469,7.775003442791800,2_SWRN_WA276_66-96,000020021
50,50,4055.809913197532300,42409.109665247764000,2,31,SWRN,9815,WA276,999,96-9999,113.732589721679690,4.240910968795527,2_SWRN_WA276_96-9999,000020020
51,51,405.580991318915040,2570.249070613028400,1,81,HAY,9768,WA229,1,0-23,18.932094573974609,0.257024907199729,1_HAY_WA229_0-23,000010048
52,52,4562.786152340937400,44336.796468144094000,2,31,SWRN,9815,WA276,3,45-66,56.373836517333984,4.433679649195323,2_SWRN_WA276_45-66,000020022
53,53,16882.308763671666000,187628.182155229150000,1,71,RNGE,9768,WA229,999,96-9999,108.494964599609370,18.762818225580205,1_RNGE_WA229_96-9999,000010036
54,54,21597.187787765637000,194053.804831906310000,1,52,RNGB,9768,WA229,999,96-9999,111.072509765625000,19.405380493579528,1_RNGB_WA229_96-9999,000010026
55,55,101.395247829612340,642.562267651781670,1,81,HAY,9864,WA325,4,66-96,76.729583740234375,0.064256226799932,1_HAY_WA325_66-96,000010049
56,56,1115.347726128529800,7710.747211862693800,2,31,SWRN,9815,WA276,2,23-45,33.433586120605469,0.771074721599187,2_SWRN_WA276_23-45,000020019
57,57,44867.397164721973000,475496.078064803150000,1,42,FRSE,9768,WA229,999,96-9999,107.400352478027340,47.549607831949842,1_FRSE_WA229_96-9999,000010015
58,58,304.185743489302690,1927.686802961246900,2,31,SWRN,9815,WA276,1,0-23,18.100753784179688,0.192768680399797,2_SWRN_WA276_0-23,000020018
59,59,119950.578182740600000,1725922.250921697800000,2,42,FRSE,9768,WA229,3,45-66,55.620571136474609,172.592225184617940,2_FRSE_WA229_45-66,000020035
60,60,91205.025422966573000,1331389.018581261200000,2,42,FRSE,9768,WA229,4,66-96,77.055664062500000,133.138901929459560,2_FRSE_WA229_66-96,000020034
61,61,11964.639243923128000,149074.446096010130000,2,71,RNGE,9768,WA229,999,96-9999,146.587860107421870,14.907444617584273,2_RNGE_WA229_96-9999,000020075
62,62,17186.494507157244000,167708.751857846860000,2,42,FRSE,9768,WA229,999,96-9999,110.050201416015620,16.770875194782310,2_FRSE_WA229_96-9999,000020036
63,63,77567.364589854144000,1138620.338284664300000,2,42,FRSE,9768,WA229,2,23-45,35.230606079101563,113.862033889479890,2_FRSE_WA229_23-45,000020037
64,64,35488.336740454193000,401601.417284476450000,2,71,RNGE,9768,WA229,4,66-96,79.109657287597656,40.160141749957639,2_RNGE_WA229_66-96,000020076
65,65,21850.675907341763000,366903.054831126820000,2,42,FRSE,9768,WA229,1,0-23,16.416198730468750,36.690305502761298,2_FRSE_WA229_0-23,000020038
66,66,30317.179101133719000,303289.390333216750000,2,71,RNGE,9768,WA229,3,45-66,57.134433746337891,30.328939049568007,2_RNGE_WA229_45-66,000020077
67,67,456.278615233488380,4497.935873580177900,1,81,HAY,9768,WA229,999,96-9999,110.745025634765620,0.449793587599526,1_HAY_WA229_96-9999,000010045
68,68,1977.207332684658500,21204.554832674050000,2,81,HAY,9815,WA276,4,66-96,78.812644958496094,2.120455484397763,2_HAY_WA276_66-96,000020101
69,69,861.859606554266070,10923.558550145210000,2,81,HAY,9815,WA276,999,96-9999,133.307037353515620,1.092355855598848,2_HAY_WA276_96-9999,000020100
70,70,912.557230467442420,14778.932156008683000,1,11,WATR,9768,WA229,1,0-23,4.498714447021484,1.477893216398441,1_WATR_WA229_0-23,000010002
71,71,27630.205033638515000,253169.533456041390000,2,52,RNGB,9768,WA229,3,45-66,56.625679016113281,25.316953359173294,2_RNGB_WA229_45-66,000020054
72,72,152.092871744651350,1285.124535309465300,1,11,WATR,9768,WA229,2,23-45,35.380954742431641,0.128512453599864,1_WATR_WA229_23-45,000010001
73,73,2940.462187068071200,21204.554832638638000,2,52,RNGB,9768,WA229,1,0-23,15.136862754821777,2.120455484397763,2_RNGB_WA229_0-23,000020055
74,74,10697.198646048084000,84175.657062761122000,2,52,RNGB,9768,WA229,2,23-45,37.025699615478516,8.417565710791120,2_RNGB_WA229_23-45,000020056
75,75,30012.993357637897000,315498.073418447170000,2,52,RNGB,9768,WA229,4,66-96,77.945259094238281,31.549807358766721,2_RNGB_WA229_66-96,000020057
76,76,1520.928717446047800,10280.996282452114000,2,71,RNGE,9768,WA229,1,0-23,13.823550224304199,1.028099628798916,2_RNGE_WA229_0-23,000020078
77,77,8111.619826388079700,71966.973977365473000,2,52,RNGB,9768,WA229,999,96-9999,118.813858032226560,7.196697401592409,2_RNGB_WA229_96-9999,000020058
78,78,1774.416837021242800,14778.932156032291000,1,31,SWRN,9768,WA229,2,23-45,35.570838928222656,1.477893216398441,1_SWRN_WA229_23-45,000010009
79,79,199089.569113947920000,7422236.753684010400000,2,42,FRSE,9864,WA325,1,0-23,10.184705734252930,742.223675766017100,2_FRSE_WA325_0-23,000020053
80,80,291004.361271750650000,5986752.647740929400000,2,42,FRSE,9864,WA325,2,23-45,33.833778381347656,598.675265094968490,2_FRSE_WA325_23-45,000020050
81,81,9379.060424262192100,73252.098512657220000,2,71,RNGE,9768,WA229,2,23-45,37.381015777587891,7.325209855192273,2_RNGE_WA229_23-45,000020074
82,82,354.883367405273020,2570.249070630734400,1,31,SWRN,9768,WA229,1,0-23,18.493780136108398,0.257024907199729,1_SWRN_WA229_0-23,000010008
83,83,12015.336867838632000,122086.830854393310000,2,52,RNGB,9864,WA325,1,0-23,14.040005683898926,12.208683091987121,2_RNGB_WA325_0-23,000020073
84,84,242689.525680825110000,3800755.813179676400000,2,42,FRSE,9864,WA325,3,45-66,54.368240356445313,380.075581521599020,2_FRSE_WA325_45-66,000020052
85,85,3346.043178382795300,37911.173791590867000,2,31,SWRN,9768,WA229,4,66-96,81.830528259277344,3.791117381196001,2_SWRN_WA229_66-96,000020012
86,86,2484.183571831788900,26987.615241486968000,2,31,SWRN,9768,WA229,999,96-9999,119.158180236816410,2.698761525597153,2_SWRN_WA229_96-9999,000020013
87,87,4258.600408853031700,39838.860594558013000,2,71,RNGE,9864,WA325,1,0-23,11.860383033752441,3.983886061595797,2_RNGE_WA325_0-23,000020093
88,88,27326.019290150143000,259595.156132706760000,2,52,RNGB,9864,WA325,2,23-45,34.454368591308594,25.959515627172618,2_RNGB_WA325_23-45,000020072
89,89,106667.800717039970000,1528655.634751939900000,2,42,FRSE,9864,WA325,4,66-96,75.934577941894531,152.865563557038710,2_FRSE_WA325_66-96,000020049
90,90,8162.317450305912600,79677.721189239965000,2,71,RNGE,9864,WA325,4,66-96,77.847442626953125,7.967772123191595,2_RNGE_WA325_66-96,000020090
91,91,3041.857434896286600,34698.362453355563000,1,31,SWRN,9768,WA229,999,96-9999,111.247787475585940,3.469836247196340,1_SWRN_WA229_96-9999,000010007
92,92,27985.088401047979000,282084.835500761110000,2,52,RNGB,9864,WA325,3,45-66,55.456676483154297,28.208483565170241,2_RNGB_WA325_45-66,000020069
93,93,21952.071155162528000,246743.910779523580000,2,52,RNGB,9864,WA325,4,66-96,77.706726074218750,24.674391091173973,2_RNGB_WA325_66-96,000020070
94,94,12775.801226562820000,133652.951672261120000,2,71,RNGE,9864,WA325,3,45-66,54.885345458984375,13.365295174385899,2_RNGE_WA325_45-66,000020089
95,95,1470.231093533802800,11566.120817808795000,2,31,SWRN,9768,WA229,3,45-66,55.851772308349609,1.156612082398780,2_SWRN_WA229_45-66,000020010
96,96,202.790495660156010,1285.124535315367200,2,31,SWRN,9768,WA229,2,23-45,32.966323852539063,0.128512453599864,2_SWRN_WA229_23-45,000020011
97,97,8365.107945964671700,70681.849442091421000,2,71,RNGE,9864,WA325,2,23-45,35.060970306396484,7.068184947992545,2_RNGE_WA325_23-45,000020091
98,98,2332.090700083877900,22489.679367889083000,2,71,RNGE,9864,WA325,999,96-9999,107.646598815917970,2.248967937997628,2_RNGE_WA325_96-9999,000020092
99,99,760.464358724188060,6425.622676553228300,2,81,HAY,9768,WA229,3,45-66,57.984157562255859,0.642562267999322,2_HAY_WA229_45-66,000020094
100,100,2179.997828341554900,24417.366170838526000,2,90,WETF,9864,WA325,2,23-45,30.608386993408203,2.441736618397425,2_WETF_WA325_23-45,000020106
101,101,557.673863065429030,7068.184944234519200,2,81,HAY,9768,WA229,4,66-96,75.670516967773438,0.706818494799255,2_HAY_WA229_66-96,000020095
102,102,34018.105646921787000,1166893.078061620200000,2,90,WETF,9864,WA325,1,0-23,4.049619197845459,116.689307868676890,2_WETF_WA325_0-23,000020107
103,103,1368.835845702793400,13493.807620752337000,1,90,WETF,9768,WA229,2,23-45,32.102893829345703,1.349380762798577,1_WETF_WA229_23-45,000010053
104,104,304.185743489768360,1927.686802967148900,1,90,WETF,9768,WA229,3,45-66,48.504276275634766,0.192768680399797,1_WETF_WA229_45-66,000010052
105,105,2129.300204426515800,31485.551115137969000,1,90,WETF,9768,WA229,1,0-23,11.666107177734375,3.148555113196679,1_WETF_WA229_0-23,000010054
106,106,1520.928717446979100,14778.932156049999000,2,31,SWRN,9864,WA325,4,66-96,75.603904724121094,1.477893216398441,2_SWRN_WA325_66-96,000020024
107,107,3700.926545790396600,52047.543680048104000,2,31,SWRN,9864,WA325,3,45-66,53.648334503173828,5.204754370794509,2_SWRN_WA325_45-66,000020026
108,108,2839.066939236130600,34698.362453402777000,2,31,SWRN,9864,WA325,2,23-45,37.104423522949219,3.469836247196340,2_SWRN_WA325_23-45,000020023
109,109,3751.624169702641700,32128.113382707124000,2,52,RNGB,9864,WA325,999,96-9999,102.542686462402340,3.212811339996611,2_RNGB_WA325_96-9999,000020071
110,110,11305.570133032277000,109235.585501393080000,2,42,FRSE,9864,WA325,999,96-9999,103.312980651855470,10.923558555988476,2_FRSE_WA325_96-9999,000020051
111,111,101.395247830078010,642.562267657683610,2,41,FRSD,9815,WA276,4,66-96,78.023292541503906,0.064256226799932,2_FRSD_WA276_66-96,000020029
112,112,152.092871745117010,1285.124535315367200,2,41,FRSD,9815,WA276,3,45-66,51.610618591308594,0.128512453599864,2_FRSD_WA276_45-66,000020030
113,113,101.395247829146680,642.562267645879730,2,41,FRSD,9815,WA276,1,0-23,7.171093940734863,0.064256226799932,2_FRSD_WA276_0-23,000020028
114,114,709.766734808683400,5140.498141237861100,2,81,HAY,9815,WA276,3,45-66,55.809028625488281,0.514049814399458,2_HAY_WA276_45-66,000020099
115,115,101.395247830078010,642.562267657683610,2,81,HAY,9815,WA276,2,23-45,43.537342071533203,0.064256226799932,2_HAY_WA276_23-45,000020098
116,116,101.395247830078010,642.562267657683610,2,90,WETF,9864,WA325,4,66-96,69.409378051757812,0.064256226799932,2_WETF_WA325_66-96,000020105
117,117,202.790495659224690,1285.124535303563300,2,90,WETF,9864,WA325,3,45-66,60.229751586914063,0.128512453599864,2_WETF_WA325_45-66,000020108
118,118,20481.840061635245000,246743.910779470460000,2,21,URLD,9864,WA325,1,0-23,8.165101051330566,24.674391091173973,2_URLD_WA325_0-23,000020004
119,119,29911.598109808285000,436299.779737773000000,2,22,URMD,9864,WA325,1,0-23,8.340535163879395,43.629977997153979,2_URMD_WA325_0-23,000020009
120,120,3244.647930555045600,33413.237918052000000,2,22,URMD,9864,WA325,4,66-96,80.284454345703125,3.341323793596475,2_URMD_WA325_66-96,000020008
121,121,5272.552887152414800,55260.355018265691000,2,22,URMD,9864,WA325,3,45-66,55.829673767089844,5.526035504794171,2_URMD_WA325_45-66,000020007
122,122,6742.783980683889200,59758.290891887184000,2,22,URMD,9864,WA325,2,23-45,31.203374862670898,5.975829092393696,2_URMD_WA325_23-45,000020006
123,123,3346.043178387451900,41766.547397619594000,2,41,FRSD,9864,WA325,1,0-23,7.782268524169922,4.176654741995594,2_FRSD_WA325_0-23,000020031
124,124,6235.807741536758800,125299.642192681730000,2,90,WETF,9782,WA243,1,0-23,7.415462017059326,12.529964225986783,2_WETF_WA243_0-23,000020102
125,125,186516.558383043860000,4065491.467453172400000,2,42,FRSE,9782,WA243,1,0-23,15.487759590148926,406.549146963171150,2_FRSE_WA243_0-23,000020042
126,126,581805.932047818320000,12874377.594737489000000,2,42,FRSE,9782,WA243,2,23-45,34.949420928955078,1287.437760163441900,2_FRSE_WA243_23-45,000020041
127,127,350979.650363102560000,5623062.404248563600000,2,42,FRSE,9782,WA243,4,66-96,76.169639587402344,562.306240726206850,2_FRSE_WA243_66-96,000020040
128,128,48061.347471359186000,600153.157989779950000,2,42,FRSE,9782,WA243,999,96-9999,107.876960754394530,60.015315831136697,2_FRSE_WA243_96-9999,000020043
129,129,684012.341860337650000,12046757.393998152000000,2,42,FRSE,9782,WA243,3,45-66,54.611228942871094,1204.675740045129300,2_FRSE_WA243_45-66,000020039
130,130,11102.779637373518000,130440.140334090740000,2,21,URLD,9864,WA325,2,23-45,33.213146209716797,13.044014040386241,2_URLD_WA325_23-45,000020001
131,131,354.883367403876040,4497.935873568373600,1,41,FRSD,9768,WA229,1,0-23,8.163309097290039,0.449793587599526,1_FRSD_WA229_0-23,000010013
132,132,760.464358725119380,7068.184944228616600,2,22,URMD,9864,WA325,999,96-9999,112.491500854492190,0.706818494799255,2_URMD_WA325_96-9999,000020005
133,133,6033.017245881725100,59115.728624341638000,2,21,URLD,9864,WA325,3,45-66,53.882953643798828,5.911572865593764,2_URLD_WA325_45-66,000020002
134,134,1673.021589194890100,13493.807620793650000,2,21,URLD,9864,WA325,4,66-96,73.284301757812500,1.349380762798577,2_URLD_WA325_66-96,000020003
135,135,190775.158791922960000,3041889.775078637500000,4,42,FRSE,9768,WA229,3,45-66,54.913364410400391,304.188977670879130,4_FRSE_WA229_45-66,000040030
136,136,69100.861396044958000,711958.992561614960000,4,71,RNGE,9768,WA229,3,45-66,57.337127685546875,71.195899294324889,4_RNGE_WA229_45-66,000040062
137,137,27883.693153210916000,240318.288102993950000,4,71,RNGE,9768,WA229,2,23-45,35.729869842529297,24.031828823174649,4_RNGE_WA229_23-45,000040064
138,138,74018.530915800948000,1019746.318768636200000,4,71,RNGE,9768,WA229,4,66-96,77.541007995605469,101.974631931492420,4_RNGE_WA229_66-96,000040065
139,139,4157.205161024350700,39196.298326959346000,2,31,SWRN,9782,WA243,4,66-96,78.926956176757812,3.919629834795866,2_SWRN_WA243_66-96,000020016
140,140,2230.695452256128200,21204.554832615031000,2,31,SWRN,9782,WA243,999,96-9999,110.552246093750000,2.120455484397763,2_SWRN_WA243_96-9999,000020015
141,141,2433.485947916749900,46264.483271146652000,2,95,WETN,9864,WA325,1,0-23,3.684589147567749,4.626448329595119,2_WETN_WA325_0-23,000020109
142,142,2129.300204426981500,21204.554832620932000,2,31,SWRN,9782,WA243,3,45-66,57.408290863037109,2.120455484397763,2_SWRN_WA243_45-66,000020017
143,143,15513.472917968873000,154214.944237242070000,2,71,RNGE,9782,WA243,3,45-66,55.879615783691406,15.421494431983733,2_RNGE_WA243_45-66,000020082
144,144,10139.524782988708000,104095.087360161120000,2,71,RNGE,9782,WA243,4,66-96,75.892379760742187,10.409508741589018,2_RNGE_WA243_66-96,000020081
145,145,21090.211548615247000,213973.235129141070000,2,52,RNGB,9782,WA243,2,23-45,35.522140502929687,21.397323524377427,2_RNGB_WA243_23-45,000020061
146,146,28948.343255424406000,271803.839218067010000,2,52,RNGB,9782,WA243,3,45-66,54.838382720947266,27.180383936371328,2_RNGB_WA243_45-66,000020063
147,147,202.790495659690350,1927.686802967149100,2,41,FRSD,9864,WA325,3,45-66,57.942592620849609,0.192768680399797,2_FRSD_WA325_45-66,000020033
148,148,5221.855263239704100,44336.796468203116000,4,71,RNGE,9768,WA229,1,0-23,15.680820465087891,4.433679649195323,4_RNGE_WA229_0-23,000040063
149,149,90191.072944671847000,1046091.371742512700000,4,52,RNGB,9768,WA229,4,66-96,76.353202819824219,104.609137230289660,4_RNGB_WA229_66-96,000040048
150,150,57389.710271696094000,613004.403342715230000,4,52,RNGB,9768,WA229,2,23-45,36.030723571777344,61.300440367135337,4_RNGB_WA229_23-45,000040049
151,151,253.488119573798030,2570.249070613028400,2,41,FRSD,9864,WA325,2,23-45,32.163700103759766,0.257024907199729,2_FRSD_WA325_23-45,000020032
152,152,19974.863822482526000,214615.797396757440000,2,52,RNGB,9782,WA243,4,66-96,77.870910644531250,21.461579751177361,2_RNGB_WA243_66-96,000020059
153,153,46591.116377832368000,867459.061334154690000,4,42,FRSE,9768,WA229,1,0-23,16.676219940185547,86.745906179908502,4_FRSE_WA229_0-23,000040031
154,154,104791.988632184920000,1155969.519511917600000,4,52,RNGB,9768,WA229,3,45-66,56.133087158203125,115.596952013078070,4_RNGB_WA229_45-66,000040050
155,155,15412.077670143917000,179917.434943431380000,4,52,RNGB,9768,WA229,1,0-23,15.419819831848145,17.991743503981024,4_RNGB_WA229_0-23,000040052
156,156,7553.945963327307300,66826.475836180733000,2,52,RNGB,9782,WA243,1,0-23,16.694301605224609,6.682647587192950,2_RNGB_WA243_0-23,000020060
157,157,2940.462187065742900,25702.490706201112000,2,52,RNGB,9782,WA243,999,96-9999,109.815101623535160,2.570249071997289,2_RNGB_WA243_96-9999,000020062
158,158,11001.384389537852000,120801.706319101550000,4,81,HAY,9768,WA229,4,66-96,76.754798889160156,12.080170638387257,4_HAY_WA229_66-96,000040078
159,159,2129.300204428844200,20561.992564975051000,2,71,RNGE,9782,WA243,999,96-9999,107.529289245605470,2.056199257597831,2_RNGE_WA243_96-9999,000020080
160,160,8213.015074221883000,75822.347583400100000,4,81,HAY,9768,WA229,3,45-66,57.290321350097656,7.582234762392002,4_HAY_WA229_45-66,000040079
161,161,151535.197881745170000,3308553.116156269300000,4,42,FRSE,9768,WA229,2,23-45,34.836666107177734,330.855311792851010,4_FRSE_WA229_23-45,000040034
162,162,8922.781809030100700,76464.909851016462000,2,71,RNGE,9782,WA243,2,23-45,36.336914062500000,7.646490989191935,2_RNGE_WA243_23-45,000020083
163,163,4866.971895833499700,86103.343865728268000,2,31,SWRN,9864,WA325,1,0-23,3.799917459487915,8.610334391190916,2_SWRN_WA325_0-23,000020027
164,164,811.161982638295740,8995.871747154453300,1,42,FRSE,9864,WA325,999,96-9999,107.556030273437500,0.899587175199051,1_FRSE_WA325_96-9999,000010021
165,165,5880.924374132417100,49477.294609452780000,4,71,RNGE,9768,WA229,999,96-9999,102.989227294921870,4.947729463594781,4_RNGE_WA229_96-9999,000040066
166,166,117162.208867421840000,1730420.186795148300000,4,42,FRSE,9768,WA229,4,66-96,76.311950683593750,173.042018772217460,4_FRSE_WA229_66-96,000040033
167,167,8618.596065538004000,73252.098512698547000,4,52,RNGB,9768,WA229,999,96-9999,103.878517150878910,7.325209855192273,4_RNGB_WA229_96-9999,000040051
168,168,456.278615234419700,3855.373605928396000,1,21,URLD,9864,WA325,3,45-66,51.000637054443359,0.385537360799593,1_URLD_WA325_45-66,000010005
169,169,11863.243996094912000,120801.706319142860000,4,42,FRSE,9768,WA229,999,96-9999,105.224731445312500,12.080170638387257,4_FRSE_WA229_96-9999,000040032
170,170,608.371486978605390,5140.498141226056800,1,21,URLD,9864,WA325,2,23-45,34.219409942626953,0.514049814399458,1_URLD_WA325_23-45,000010004
171,171,1267.440597875043700,8995.871747195766100,4,81,HAY,9768,WA229,2,23-45,39.631553649902344,0.899587175199051,4_HAY_WA229_23-45,000040080
172,172,608.371486977674070,3855.373605910690000,4,81,HAY,9768,WA229,999,96-9999,104.460372924804690,0.385537360799593,4_HAY_WA229_96-9999,000040077
173,173,456.278615233954040,3855.373605928395600,1,21,URLD,9864,WA325,1,0-23,5.377989292144775,0.385537360799593,1_URLD_WA325_0-23,000010003
174,174,2839.066939235664900,29557.864312147212000,2,71,RNGE,9782,WA243,1,0-23,9.159781455993652,2.955786432796882,2_RNGE_WA243_0-23,000020079
175,175,861.859606553334740,7710.747211844987800,4,43,FRST,9768,WA229,4,66-96,78.525444030761719,0.771074721599187,4_FRST_WA229_66-96,000040047
176,176,1115.347726128529800,14778.932156061803000,4,43,FRST,9768,WA229,2,23-45,37.299919128417969,1.477893216398441,4_FRST_WA229_23-45,000040046
177,177,140685.906363924030000,3404294.894035694200000,4,42,FRSE,9864,WA325,2,23-45,32.426898956298828,340.429489586040920,4_FRSE_WA325_23-45,000040044
178,178,1571.626341362949500,11566.120817791088000,4,43,FRST,9768,WA229,3,45-66,52.692619323730469,1.156612082398780,4_FRST_WA229_45-66,000040045
179,179,69303.651891711634000,1058942.617095412700000,4,42,FRSE,9864,WA325,3,45-66,52.638244628906250,105.894261766288300,4_FRSE_WA325_45-66,000040043
180,180,15919.053909286391000,195981.491634820360000,4,42,FRSE,9864,WA325,4,66-96,75.010307312011719,19.598149173979330,4_FRSE_WA325_66-96,000040042
181,181,912.557230469770730,13493.807620787749000,1,22,URMD,9864,WA325,1,0-23,6.090271949768066,1.349380762798577,1_URMD_WA325_0-23,000010006
182,182,123955.690472002140000,5352543.689566532100000,4,42,FRSE,9864,WA325,1,0-23,11.743482589721680,535.254369243435460,4_FRSE_WA325_0-23,000040041
183,183,18606.027976776473000,260880.280667992600000,4,22,URMD,9864,WA325,1,0-23,10.453962326049805,26.088028080772482,4_URMD_WA325_0-23,000040010
184,184,19924.166198570747000,233250.103158871590000,4,21,URLD,9864,WA325,1,0-23,12.847333908081055,23.325010328375395,4_URLD_WA325_0-23,000040006
185,185,253.488119574263690,2570.249070607126700,1,41,FRSD,9864,WA325,1,0-23,2.419625043869019,0.257024907199729,1_FRSD_WA325_0-23,000010014
186,186,709.766734808217730,6425.622676541424900,2,31,SWRN,9782,WA243,2,23-45,36.539966583251953,0.642562267999322,2_SWRN_WA243_23-45,000020014
187,187,1013.952478296123400,7068.184944175500300,4,21,URLD,9768,WA229,3,45-66,49.608650207519531,0.706818494799255,4_URLD_WA229_45-66,000040001
188,188,5373.948134982027100,53975.230482968036000,4,21,URLD,9768,WA229,2,23-45,33.680133819580078,5.397523051194306,4_URLD_WA229_23-45,000040002
189,189,2281.393076168838900,28915.302044389195000,4,41,FRSD,9864,WA325,1,0-23,3.237839221954346,2.891530205996950,4_FRSD_WA325_0-23,000040029
190,190,1166.045350044034400,11566.120817761579000,4,21,URLD,9768,WA229,1,0-23,18.782339096069336,1.156612082398780,4_URLD_WA229_0-23,000040003
191,191,10849.291517796461000,107307.898698425940000,4,21,URLD,9864,WA325,2,23-45,32.117137908935547,10.730789875588680,4_URLD_WA325_23-45,000040007
192,192,5019.064767579548100,54617.792750672932000,4,52,RNGB,9864,WA325,2,23-45,34.902755737304688,5.461779277994238,4_RNGB_WA325_23-45,000040061
193,193,1216.742973957676400,10280.996282458016000,4,90,WETF,9768,WA229,2,23-45,33.902156829833984,1.028099628798916,4_WETF_WA229_23-45,000040083
194,194,557.673863064032050,5783.060408889643400,4,71,RNGE,9864,WA325,1,0-23,6.724838733673096,0.578306041199390,4_RNGE_WA325_0-23,000040075
195,195,608.371486979071050,7068.184944216815000,4,90,WETF,9768,WA229,1,0-23,17.226419448852539,0.706818494799255,4_WETF_WA229_0-23,000040082
196,196,2129.300204427447200,16706.618959023050000,4,52,RNGB,9864,WA325,1,0-23,17.920206069946289,1.670661896798237,4_RNGB_WA325_0-23,000040060
197,197,202.790495659690350,1927.686802967148900,4,90,WETF,9768,WA229,3,45-66,51.545879364013672,0.192768680399797,4_WETF_WA229_45-66,000040081
198,198,4562.786152346059700,44336.796468161796000,4,22,URMD,9864,WA325,2,23-45,29.952577590942383,4.433679649195323,4_URMD_WA325_23-45,000040011
199,199,5019.064767578616700,48192.170074113805000,4,31,SWRN,9768,WA229,3,45-66,54.230209350585938,4.819217009994916,4_SWRN_WA229_45-66,000040017
200,200,2991.159810980316300,26987.615241522381000,4,31,SWRN,9768,WA229,4,66-96,75.759162902832031,2.698761525597153,4_SWRN_WA229_66-96,000040016
201,201,5069.762391489930500,65541.351300723705000,4,31,SWRN,9768,WA229,2,23-45,35.360904693603516,6.554135133593086,4_SWRN_WA229_23-45,000040018
202,202,1166.045350042637400,8995.871747142649800,4,31,SWRN,9768,WA229,1,0-23,18.953084945678711,0.899587175199051,4_SWRN_WA229_0-23,000040014
203,203,16223.239652784541000,592442.410778047050000,4,90,WETF,9864,WA325,1,0-23,3.700119733810425,59.244241109537512,4_WETF_WA325_0-23,000040090
204,204,608.371486980002370,10280.996282505233000,4,95,WETN,9768,WA229,1,0-23,8.072433471679688,1.028099628798916,4_WETN_WA229_0-23,000040091
205,205,760.464358723256740,7710.747211844987800,4,41,FRSD,9768,WA229,1,0-23,12.548882484436035,0.771074721599187,4_FRSD_WA229_0-23,000040024
206,206,557.673863064032050,4497.935873586079700,4,41,FRSD,9768,WA229,2,23-45,27.549854278564453,0.449793587599526,4_FRSD_WA229_23-45,000040025
207,207,1723.719213106669500,18634.305761984295000,4,90,WETF,9864,WA325,2,23-45,30.051586151123047,1.863430577198034,4_WETF_WA325_23-45,000040089
208,208,37110.660705727059000,335417.503715947500000,3,71,RNGE,9768,WA229,3,45-66,56.398300170898437,33.541750389564619,3_RNGE_WA229_45-66,000030063
209,209,91154.327799048740000,1294120.407057334000000,3,52,RNGB,9768,WA229,4,66-96,78.934623718261719,129.412040775063470,3_RNGB_WA229_66-96,000030054
210,210,21698.583035595715000,188270.744422934050000,3,71,RNGE,9768,WA229,2,23-45,36.735549926757813,18.827074452380138,3_RNGE_WA229_23-45,000030062
211,211,45120.885284288786000,553246.112450999210000,3,71,RNGE,9768,WA229,4,66-96,79.452735900878906,55.324611274741642,3_RNGE_WA229_66-96,000030061
212,212,6134.412493708543500,44336.796468185406000,3,71,RNGE,9768,WA229,1,0-23,15.255172729492188,4.433679649195323,3_RNGE_WA229_0-23,000030060
213,213,77618.062213780358000,1004967.386612786800000,3,52,RNGB,9768,WA229,2,23-45,34.354320526123047,100.496738715094000,3_RNGB_WA229_23-45,000030053
214,214,13384.172713535838000,129155.015798574710000,3,71,RNGE,9768,WA229,999,96-9999,109.448387145996090,12.915501586786375,3_RNGE_WA229_96-9999,000030064
215,215,3143.252682725898900,40481.422862298328000,4,23,URHD,9864,WA325,1,0-23,7.916003227233887,4.048142288395730,4_URHD_WA325_0-23,000040013
216,216,31331.131579428446000,400316.292749001700000,3,52,RNGB,9768,WA229,1,0-23,15.212439537048340,40.031629296357771,3_RNGB_WA229_0-23,000030052
217,217,99823.621488510165000,1147616.210032048900000,3,52,RNGB,9768,WA229,3,45-66,55.426544189453125,114.761621064678930,3_RNGB_WA229_45-66,000030051
218,218,101.395247829612340,642.562267651781670,4,90,WETF,9864,WA325,3,45-66,59.538284301757812,0.064256226799932,4_WETF_WA325_45-66,000040088
219,219,101.395247830078010,642.562267657683610,4,41,FRSD,9864,WA325,2,23-45,32.388378143310547,0.064256226799932,4_FRSD_WA325_23-45,000040028
220,220,22306.954522575252000,235820.352229508220000,3,52,RNGB,9768,WA229,999,96-9999,106.960861206054690,23.582035235575127,3_RNGB_WA229_96-9999,000030050
221,221,253.488119575195010,1927.686802973050800,4,90,WETF,9864,WA325,4,66-96,74.940780639648437,0.192768680399797,4_WETF_WA325_66-96,000040087
222,222,557.673863064963370,3855.373605940199900,4,31,SWRN,9768,WA229,999,96-9999,100.417701721191410,0.385537360799593,4_SWRN_WA229_96-9999,000040015
223,223,172321.223686873910000,2720608.641251761000000,3,42,FRSE,9768,WA229,3,45-66,54.985198974609375,272.060864270912990,3_FRSE_WA229_45-66,000030037
224,224,145552.878259791990000,2450732.488836879800000,3,42,FRSE,9768,WA229,2,23-45,34.750274658203125,245.073249014941470,3_FRSE_WA229_23-45,000030036
225,225,51458.088273661211000,961915.714679645260000,3,42,FRSE,9768,WA229,1,0-23,16.091585159301758,96.191571519498524,3_FRSE_WA229_0-23,000030038
226,226,3802.321793619543300,41766.547397572380000,4,52,RNGB,9864,WA325,3,45-66,52.888149261474609,4.176654741995594,4_RNGB_WA325_45-66,000040059
227,227,2585.578819660469900,44336.796468144094000,3,90,WETF,9768,WA229,1,0-23,8.025015830993652,4.433679649195323,3_WETF_WA229_0-23,000030074
228,228,4765.576648002956100,51404.981412360903000,4,21,URLD,9864,WA325,3,45-66,54.663520812988281,5.140498143994578,4_URLD_WA325_45-66,000040004
229,229,1470.231093533337100,14778.932156073606000,4,71,RNGE,9864,WA325,3,45-66,55.841953277587891,1.477893216398441,4_RNGE_WA325_45-66,000040073
230,230,1216.742973960004700,12208.683085478284000,4,71,RNGE,9864,WA325,2,23-45,35.713657379150391,1.220868309198712,4_RNGE_WA325_23-45,000040072
231,231,3498.136050128843600,41123.985129914690000,3,81,HAY,9768,WA229,4,66-96,81.558731079101563,4.112398515195662,3_HAY_WA229_66-96,000030072
232,232,152.092871745117010,1285.124535315367200,2,81,HAY,9782,WA243,4,66-96,81.862808227539063,0.128512453599864,2_HAY_WA243_66-96,000020097
233,233,100229.202479835600000,1504238.268581012700000,3,42,FRSE,9768,WA229,4,66-96,76.353752136230469,150.423826938641330,3_FRSE_WA229_66-96,000030039
234,234,1318.138221788220100,14136.369888415922000,3,81,HAY,9768,WA229,999,96-9999,104.767776489257810,1.413636989598509,3_HAY_WA229_96-9999,000030071
235,235,1166.045350044500100,9638.434014847547600,3,81,HAY,9768,WA229,3,45-66,59.422721862792969,0.963843401998983,3_HAY_WA229_45-66,000030070
236,236,354.883367404341700,2570.249070618930500,3,81,HAY,9768,WA229,2,23-45,29.357580184936523,0.257024907199729,3_HAY_WA229_23-45,000030069
237,237,202.790495660156010,1927.686802973050800,4,81,HAY,9768,WA229,1,0-23,9.857429504394531,0.192768680399797,4_HAY_WA229_0-23,000040076
238,238,152.092871744651350,1285.124535309465300,3,81,HAY,9768,WA229,1,0-23,11.899524688720703,0.128512453599864,3_HAY_WA229_0-23,000030068
239,239,354.883367402944710,2570.249070601225000,2,81,HAY,9782,WA243,3,45-66,54.191505432128906,0.257024907199729,2_HAY_WA243_45-66,000020096
240,240,304.185743490234020,4497.935873603785700,3,11,WATR,9768,WA229,1,0-23,2.794288158416748,0.449793587599526,3_WATR_WA229_0-23,000030001
241,241,101.395247829612340,642.562267651781670,3,11,WATR,9768,WA229,2,23-45,26.167264938354492,0.064256226799932,3_WATR_WA229_23-45,000030002
242,242,202.790495659690350,1285.124535309465300,4,42,FRSE,9864,WA325,999,96-9999,98.769897460937500,0.128512453599864,4_FRSE_WA325_96-9999,000040040
243,243,18606.027976782527000,257667.469329586170000,3,42,FRSE,9768,WA229,999,96-9999,113.339157104492190,25.766746946772820,3_FRSE_WA229_96-9999,000030040
244,244,4207.902784941252300,84818.219330525040000,4,95,WETN,9864,WA325,1,0-23,1.312069177627564,8.481821937591054,4_WETN_WA325_0-23,000040092
245,245,456.278615233022720,3212.811338253006400,4,23,URHD,9864,WA325,2,23-45,25.936967849731445,0.321281133999661,4_URHD_WA325_23-45,000040012
246,246,1774.416837022639800,16064.056691371266000,3,43,FRST,9768,WA229,4,66-96,77.977859497070312,1.606405669998305,3_FRST_WA229_66-96,000030047
247,247,912.557230468373750,7068.184944199108000,3,43,FRST,9768,WA229,3,45-66,58.237430572509766,0.706818494799255,3_FRST_WA229_45-66,000030046
248,248,9125.572304690256700,84175.657062849656000,3,31,SWRN,9768,WA229,3,45-66,55.024261474609375,8.417565710791120,3_SWRN_WA229_45-66,000030033
249,249,7300.457843747921300,67469.038103708561000,3,31,SWRN,9768,WA229,4,66-96,77.111396789550781,6.746903813992883,3_SWRN_WA229_66-96,000030032
250,250,1774.416837023571100,16064.056691388974000,4,21,URLD,9864,WA325,4,66-96,75.312339782714844,1.606405669998305,4_URLD_WA325_66-96,000040005
251,251,253.488119574263690,3212.811338264810300,3,43,FRST,9768,WA229,999,96-9999,107.079925537109370,0.321281133999661,3_FRST_WA229_96-9999,000030049
252,252,6438.598237195052200,66826.475836086291000,3,21,URLD,9768,WA229,3,45-66,57.699779510498047,6.682647587192950,3_URLD_WA229_45-66,000030003
253,253,6134.412493705749500,66183.913568481730000,3,21,URLD,9768,WA229,4,66-96,77.177574157714844,6.618391360393019,3_URLD_WA229_66-96,000030004
254,254,6083.714869793504500,62971.102230222823000,3,22,URMD,9768,WA229,4,66-96,77.628524780273437,6.297110226393357,3_URMD_WA229_66-96,000030015
255,255,4055.809913191944400,33413.237917969374000,3,22,URMD,9768,WA229,3,45-66,56.563961029052734,3.341323793596475,3_URMD_WA229_45-66,000030016
256,256,1166.045350043103100,8995.871747142649800,3,21,URLD,9768,WA229,2,23-45,34.697463989257813,0.899587175199051,3_URLD_WA229_23-45,000030007
257,257,4309.298032764345400,41766.547397407121000,3,52,RNGB,9864,WA325,4,66-96,74.449241638183594,4.176654741995594,3_RNGB_WA325_66-96,000030059
258,258,9480.455672086682200,119516.581783644530000,3,52,RNGB,9864,WA325,3,45-66,54.146797180175781,11.951658184787393,3_RNGB_WA325_45-66,000030058
259,259,15766.961037536617000,242245.974905884360000,3,42,FRSE,9864,WA325,4,66-96,75.530708312988281,24.224597503574444,3_FRSE_WA325_66-96,000030045
260,260,101.395247829612340,642.562267651781670,3,52,RNGB,9864,WA325,999,96-9999,98.591789245605469,0.064256226799932,3_RNGB_WA325_96-9999,000030057
261,261,1419.533469618298100,12851.245353112359000,4,52,RNGB,9864,WA325,4,66-96,76.867752075195313,1.285124535998645,4_RNGB_WA325_66-96,000040058
262,262,101.395247829146680,642.562267645879730,3,21,URLD,9768,WA229,1,0-23,21.183303833007812,0.064256226799932,3_URLD_WA229_0-23,000030006
263,263,56629.245912976563000,950349.593862066630000,3,42,FRSE,9864,WA325,3,45-66,53.098911285400391,95.034959437099744,3_FRSE_WA325_45-66,000030044
264,264,608.371486979536710,6425.622676559130000,3,21,URLD,9768,WA229,999,96-9999,102.386604309082030,0.642562267999322,3_URLD_WA229_96-9999,000030005
265,265,1926.509708768688100,14136.369888433628000,3,22,URMD,9768,WA229,2,23-45,36.255252838134766,1.413636989598509,3_URMD_WA229_23-45,000030014
266,266,354.883367404807360,2570.249070624832700,4,22,URMD,9864,WA325,3,45-66,56.712596893310547,0.257024907199729,4_URMD_WA325_45-66,000040009
267,267,202.790495660156010,1285.124535315367200,4,22,URMD,9864,WA325,4,66-96,79.649269104003906,0.128512453599864,4_URMD_WA325_66-96,000040008
268,268,101.395247830078010,642.562267657683610,3,43,FRST,9768,WA229,2,23-45,44.274612426757813,0.064256226799932,3_FRST_WA229_23-45,000030048
269,269,83803.172331382520000,2488643.662627880500000,3,42,FRSE,9864,WA325,2,23-45,33.513095855712891,248.864366396137510,3_FRSE_WA325_23-45,000030043
270,270,2078.602580513339500,21847.117100284519000,3,22,URMD,9768,WA229,999,96-9999,108.351501464843750,2.184711711197696,3_URMD_WA229_96-9999,000030013
271,271,2940.462187065742900,32128.113382730728000,3,23,URHD,9768,WA229,4,66-96,79.064956665039062,3.212811339996611,3_URHD_WA229_66-96,000030021
272,272,1571.626341360621200,17349.181226598106000,3,21,URLD,9864,WA325,4,66-96,72.735366821289063,1.734918123598170,3_URLD_WA325_66-96,000030011
273,273,8010.224578559864300,94456.653345260449000,3,52,RNGB,9864,WA325,2,23-45,37.231178283691406,9.445665339590036,3_RNGB_WA325_23-45,000030056
274,274,304.185743487905710,2570.249070589420600,3,71,RNGE,9864,WA325,3,45-66,56.478534698486328,0.257024907199729,3_RNGE_WA325_45-66,000030067
275,275,912.557230468839410,7068.184944199108000,3,21,URLD,9864,WA325,2,23-45,34.839912414550781,0.706818494799255,3_URLD_WA325_23-45,000030010
276,276,2129.300204423256200,25059.928438419483000,3,21,URLD,9864,WA325,3,45-66,56.795394897460938,2.505992845197357,3_URLD_WA325_45-66,000030009
277,277,506.976239148061720,4497.935873562471900,3,22,URMD,9864,WA325,4,66-96,73.403808593750000,0.449793587599526,3_URMD_WA325_66-96,000030019
278,278,1825.114460938144500,14778.932156061801000,3,23,URHD,9768,WA229,3,45-66,56.376983642578125,1.477893216398441,3_URHD_WA229_45-66,000030020
279,279,1064.650102213956400,9638.434014841646800,3,23,URHD,9768,WA229,2,23-45,36.043827056884766,0.963843401998983,3_URHD_WA229_23-45,000030023
280,280,44208.328053820413000,2236759.253707313400000,3,42,FRSE,9864,WA325,1,0-23,13.697302818298340,223.675925490564030,3_FRSE_WA325_0-23,000030041
281,281,202.790495659690350,1285.124535309465300,3,21,URLD,9864,WA325,1,0-23,21.456605911254883,0.128512453599864,3_URLD_WA325_0-23,000030008
282,282,557.673863064963370,4497.935873597883100,3,22,URMD,9864,WA325,3,45-66,58.841117858886719,0.449793587599526,3_URMD_WA325_45-66,000030018
283,283,5678.133878474589400,56545.479553669589000,3,31,SWRN,9768,WA229,2,23-45,36.876716613769531,5.654547958394036,3_SWRN_WA229_23-45,000030029
284,284,253.488119574729350,1927.686802967148900,3,22,URMD,9864,WA325,2,23-45,39.715206146240234,0.192768680399797,3_URMD_WA325_23-45,000030017
285,285,354.883367403876040,2570.249070613028400,3,23,URHD,9768,WA229,999,96-9999,101.436790466308590,0.257024907199729,3_URHD_WA229_96-9999,000030022
286,286,709.766734808217730,7710.747211862693800,3,52,RNGB,9864,WA325,1,0-23,18.354103088378906,0.771074721599187,3_RNGB_WA325_0-23,000030055
287,287,202.790495660156010,1927.686802973050800,3,71,RNGE,9864,WA325,4,66-96,78.268348693847656,0.192768680399797,3_RNGE_WA325_66-96,000030066
288,288,237923.949032803530000,5245878.353136654900000,4,42,FRSE,9782,WA243,2,23-45,34.969276428222656,524.587835594646550,4_FRSE_WA243_23-45,000040039
289,289,67782.723174269311000,1021674.005571798100000,4,42,FRSE,9782,WA243,1,0-23,17.318990707397461,102.167400611892230,4_FRSE_WA243_0-23,000040038
290,290,327608.045738305430000,5206039.492541553500000,4,42,FRSE,9782,WA243,3,45-66,55.122760772705078,520.603949533050810,4_FRSE_WA243_45-66,000040037
291,291,206846.305572931190000,3739069.835485129200000,4,42,FRSE,9782,WA243,4,66-96,77.004699707031250,373.906983748805600,4_FRSE_WA243_66-96,000040036
292,292,35437.639116544276000,393890.670072542910000,4,42,FRSE,9782,WA243,999,96-9999,105.697174072265620,39.389067028358447,4_FRSE_WA243_96-9999,000040035
293,293,304.185743489302690,2570.249070607126700,3,71,RNGE,9864,WA325,2,23-45,35.834064483642578,0.257024907199729,3_RNGE_WA325_23-45,000030065
294,294,20329.747189887799000,179274.872675738270000,4,71,RNGE,9782,WA243,3,45-66,56.027183532714844,17.927487277181090,4_RNGE_WA243_45-66,000040068
295,295,45272.978156029247000,458789.459105650250000,4,52,RNGB,9782,WA243,3,45-66,54.883197784423828,45.878945935151606,4_RNGB_WA243_45-66,000040053
296,296,2382.788324004504800,34055.800185774606000,3,90,WETF,9864,WA325,1,0-23,7.428473472595215,3.405580020396407,3_WETF_WA325_0-23,000030075
297,297,14600.915687500499000,125942.204460309890000,4,71,RNGE,9782,WA243,2,23-45,35.680973052978516,12.594220452786715,4_RNGE_WA243_23-45,000040067
298,298,37110.660705737304000,397103.481410908050000,4,52,RNGB,9782,WA243,2,23-45,35.292942047119141,39.710348162358116,4_RNGB_WA243_23-45,000040056
299,299,16071.146781038493000,179274.872675838620000,4,71,RNGE,9782,WA243,4,66-96,78.461715698242188,17.927487277181090,4_RNGE_WA243_66-96,000040071
300,300,32953.455544701777000,334132.379180466870000,4,52,RNGB,9782,WA243,4,66-96,78.109069824218750,33.413237935964752,4_RNGB_WA243_66-96,000040055
301,301,1318.138221788220100,13493.807620775944000,3,42,FRSE,9864,WA325,999,96-9999,102.100921630859370,1.349380762798577,3_FRSE_WA325_96-9999,000030042
302,302,659.069110893178730,7710.747211839085100,3,23,URHD,9768,WA229,1,0-23,16.736190795898438,0.771074721599187,3_URHD_WA229_0-23,000030024
303,303,101.395247829146680,642.562267645879730,3,24,UIDU,9768,WA229,4,66-96,66.716392517089844,0.064256226799932,3_UIDU_WA229_66-96,000030028
304,304,1013.952478298451800,10280.996282487527000,3,24,UIDU,9768,WA229,2,23-45,35.444759368896484,1.028099628798916,3_UIDU_WA229_23-45,000030027
305,305,456.278615235351030,3855.373605946101600,3,24,UIDU,9768,WA229,3,45-66,50.492061614990234,0.385537360799593,3_UIDU_WA229_45-66,000030026
306,306,304.185743489768360,2570.249070618930500,3,24,UIDU,9768,WA229,1,0-23,18.643938064575195,0.257024907199729,3_UIDU_WA229_0-23,000030025
307,307,354.883367404807360,3212.811338282515900,3,22,URMD,9768,WA229,1,0-23,15.825395584106445,0.321281133999661,3_URMD_WA229_0-23,000030012
308,308,5069.762391492258800,43694.234200521823000,4,52,RNGB,9782,WA243,999,96-9999,105.610443115234370,4.369423422395391,4_RNGB_WA243_96-9999,000040054
309,309,66160.399208990391000,1456688.660774244000000,5,42,FRSE,9864,WA325,2,23-45,31.586992263793945,145.668866155446320,5_FRSE_WA325_23-45,000050034
310,310,608.371486979071050,5783.060408889642500,3,90,WETF,9864,WA325,2,23-45,30.448635101318359,0.578306041199390,3_WETF_WA325_23-45,000030076
311,311,52117.157384552527000,2917875.257421513600000,5,42,FRSE,9864,WA325,1,0-23,12.217237472534180,291.787525898492280,5_FRSE_WA325_0-23,000050033
312,312,11254.872509118170000,440155.153343725020000,5,90,WETF,9864,WA325,1,0-23,3.238666296005249,44.015515357953568,5_WETF_WA325_0-23,000050066
313,313,963.254854384809730,7068.184944222715800,3,31,SWRN,9768,WA229,1,0-23,20.018732070922852,0.706818494799255,3_SWRN_WA229_0-23,000030031
314,314,181801.679358952680000,3985813.746264174600000,5,42,FRSE,9768,WA229,2,23-45,32.996894836425781,398.581374839979560,5_FRSE_WA229_23-45,000050022
315,315,36046.010603519157000,560314.297395098020000,5,42,FRSE,9864,WA325,3,45-66,54.205577850341797,56.031429769540900,5_FRSE_WA325_45-66,000050032
316,316,2433.485947913024600,25059.928438460800000,3,31,SWRN,9768,WA229,999,96-9999,118.962913513183590,2.505992845197357,3_SWRN_WA229_96-9999,000030030
317,317,141649.161218327000000,2112102.173781947200000,5,42,FRSE,9768,WA229,3,45-66,54.061065673828125,211.210217491377220,5_FRSE_WA229_45-66,000050024
318,318,5272.552887153346100,57830.604088996763000,4,31,SWRN,9782,WA243,999,96-9999,113.872512817382810,5.783060411993900,4_SWRN_WA243_96-9999,000040023
319,319,15969.751533207018000,189555.868958255330000,4,31,SWRN,9782,WA243,4,66-96,78.969535827636719,18.955586905980002,4_SWRN_WA243_66-96,000040022
320,320,4968.367143661715100,34698.362453337853000,4,71,RNGE,9782,WA243,1,0-23,15.802641868591309,3.469836247196340,4_RNGE_WA243_0-23,000040070
321,321,79696.664794276934000,1121271.157058048500000,5,42,FRSE,9768,WA229,4,66-96,77.929496765136719,112.127115765881730,5_FRSE_WA229_66-96,000050021
322,322,18555.330352869350000,211402.986058563460000,4,31,SWRN,9782,WA243,3,45-66,55.264324188232422,21.140298617177702,4_SWRN_WA243_45-66,000040019
323,323,2686.974067493341900,23774.803903275275000,4,71,RNGE,9782,WA243,999,96-9999,104.639167785644530,2.377480391597492,4_RNGE_WA243_96-9999,000040069
324,324,11356.267756948713000,107950.460966124930000,4,52,RNGB,9782,WA243,1,0-23,15.500360488891602,10.795046102388612,4_RNGB_WA243_0-23,000040057
325,325,15716.263413628098000,226824.480482365560000,5,42,FRSE,9864,WA325,4,66-96,76.543014526367188,22.682448060376075,5_FRSE_WA325_66-96,000050030
326,326,5272.552887155674400,82247.970259929716000,5,95,WETN,9864,WA325,1,0-23,3.369932413101196,8.224797030391324,5_WETN_WA325_0-23,000050069
327,327,17744.168370226398000,186343.057619901990000,5,42,FRSE,9768,WA229,999,96-9999,106.679244995117190,18.634305771980344,5_FRSE_WA229_96-9999,000050023
328,328,69506.442387381103000,746014.792747720030000,5,52,RNGB,9768,WA229,3,45-66,54.888240814208984,74.601479314721303,5_RNGB_WA229_45-66,000050036
329,329,55818.083930345252000,604008.531595785050000,5,52,RNGB,9768,WA229,4,66-96,78.695831298828125,60.400853191936285,5_RNGB_WA229_66-96,000050035
330,330,14398.125191843603000,162568.253716850970000,5,71,RNGE,9768,WA229,999,96-9999,110.025840759277340,16.256825380382850,5_RNGE_WA229_96-9999,000050051
331,331,3143.252682725433300,30200.426579769482000,5,42,FRSE,9864,WA325,999,96-9999,105.874107360839840,3.020042659596814,5_FRSE_WA325_96-9999,000050031
332,332,103778.036153867840000,3090724.507421294200000,5,42,FRSE,9768,WA229,1,0-23,15.341339111328125,309.072450907674010,5_FRSE_WA229_0-23,000050020
333,333,38327.403679690324000,468427.893120515510000,5,71,RNGE,9768,WA229,4,66-96,80.410758972167969,46.842789337150585,5_RNGE_WA229_66-96,000050053
334,334,14702.310935333837000,148431.883828370130000,5,52,RNGB,9768,WA229,999,96-9999,110.391624450683590,14.843188390784341,5_RNGB_WA229_96-9999,000050037
335,335,202.790495659224690,1285.124535303563300,3,90,WETF,9768,WA229,2,23-45,29.126100540161133,0.128512453599864,3_WETF_WA229_23-45,000030073
336,336,63219.937021919992000,742801.981409136560000,5,52,RNGB,9768,WA229,2,23-45,34.093757629394531,74.280198180721641,5_RNGB_WA229_23-45,000050038
337,337,29607.412366323173000,378469.175648729030000,5,52,RNGB,9768,WA229,1,0-23,15.241547584533691,37.846917585160078,5_RNGB_WA229_0-23,000050039
338,338,26971.135922741611000,577020.916354191960000,5,42,FRSE,9782,WA243,1,0-23,15.694220542907715,57.702091666339129,5_FRSE_WA243_0-23,000050029
339,339,94348.278105700389000,2005436.837351562700000,5,42,FRSE,9782,WA243,2,23-45,35.301258087158203,200.543683842588450,5_FRSE_WA243_23-45,000050028
340,340,140787.301611787170000,2315151.850360990500000,5,42,FRSE,9782,WA243,3,45-66,55.419799804687500,231.515185160155800,5_FRSE_WA243_45-66,000050025
341,341,11406.965380860958000,98954.589218899651000,5,71,RNGE,9768,WA229,2,23-45,36.323783874511719,9.895458927189562,5_RNGE_WA229_23-45,000050054
342,342,25298.114333547652000,230679.854088158200000,5,71,RNGE,9768,WA229,3,45-66,56.913509368896484,23.067985421175667,5_RNGE_WA229_45-66,000050050
343,343,2585.578819663263900,26345.052973894206000,4,31,SWRN,9782,WA243,1,0-23,14.901685714721680,2.634505298797221,4_SWRN_WA243_0-23,000040021
344,344,12116.732115672436000,140721.136616454310000,4,31,SWRN,9782,WA243,2,23-45,35.792053222656250,14.072113669185157,4_SWRN_WA243_23-45,000040020
345,345,96528.275934043806000,1728492.499992328700000,5,42,FRSE,9782,WA243,4,66-96,77.574821472167969,172.849250091817650,5_FRSE_WA243_66-96,000050027
346,346,21495.792539929505000,265378.216541419330000,5,42,FRSE,9782,WA243,999,96-9999,105.422218322753910,26.537821668372008,5_FRSE_WA243_96-9999,000050026
347,347,253.488119574729350,1927.686802961246900,3,41,FRSD,9768,WA229,2,23-45,32.170783996582031,0.192768680399797,3_FRSD_WA229_23-45,000030035
348,348,202.790495660156010,2570.249070630734400,3,41,FRSD,9768,WA229,1,0-23,12.918325424194336,0.257024907199729,3_FRSD_WA229_0-23,000030034
349,349,1368.835845703724800,13493.807620764141000,5,41,FRSD,9864,WA325,1,0-23,7.336623191833496,1.349380762798577,5_FRSD_WA325_0-23,000050019
350,350,557.673863065429030,8995.871747207571400,3,95,WETN,9768,WA229,1,0-23,6.977437973022461,0.899587175199051,3_WETN_WA229_0-23,000030077
351,351,3346.043178386054900,43694.234200539526000,5,52,RNGB,9864,WA325,3,45-66,55.580036163330078,4.369423422395391,5_RNGB_WA325_45-66,000050048
352,352,1926.509708767291200,16706.618959023050000,5,52,RNGB,9864,WA325,2,23-45,35.611076354980469,1.670661896798237,5_RNGB_WA325_23-45,000050049
353,353,2889.764563151635200,25702.490706201108000,5,71,RNGE,9768,WA229,1,0-23,14.469714164733887,2.570249071997289,5_RNGE_WA229_0-23,000050052
354,354,2433.485947917215500,21847.117100266812000,5,52,RNGB,9864,WA325,4,66-96,79.443489074707031,2.184711711197696,5_RNGB_WA325_66-96,000050047
355,355,1216.742973957676400,11566.120817779285000,4,90,WETF,9782,WA243,2,23-45,32.313030242919922,1.156612082398780,4_WETF_WA243_23-45,000040086
356,356,1673.021589193493100,23774.803903245767000,4,90,WETF,9782,WA243,1,0-23,11.102697372436523,2.377480391597492,4_WETF_WA243_0-23,000040085
357,357,3143.252682724501900,37911.173791614478000,2,90,WETF,9782,WA243,2,23-45,33.426269531250000,3.791117381196001,2_WETF_WA243_23-45,000020104
358,358,2382.788324002176500,18634.305761990196000,5,52,RNGB,9782,WA243,3,45-66,55.759910583496094,1.863430577198034,5_RNGB_WA243_45-66,000050044
359,359,1571.626341362483800,12208.683085436969000,5,52,RNGB,9782,WA243,2,23-45,36.156078338623047,1.220868309198712,5_RNGB_WA243_23-45,000050043
360,360,811.161982638761400,5783.060408889642500,5,52,RNGB,9782,WA243,1,0-23,17.207181930541992,0.578306041199390,5_RNGB_WA243_0-23,000050042
361,361,3802.321793620009000,53975.230483086074000,5,90,WETF,9768,WA229,1,0-23,10.136857032775879,5.397523051194306,5_WETF_WA229_0-23,000050065
362,362,253.488119574263690,1927.686802961246900,4,90,WETF,9782,WA243,3,45-66,48.363285064697266,0.192768680399797,4_WETF_WA243_45-66,000040084
363,363,7097.667348091490600,67469.038103814804000,5,31,SWRN,9768,WA229,3,45-66,55.739746093750000,6.746903813992883,5_SWRN_WA229_45-66,000050009
364,364,5627.436254558619100,57188.041821356790000,5,31,SWRN,9768,WA229,4,66-96,79.067131042480469,5.718804185193967,5_SWRN_WA229_66-96,000050008
365,365,5576.738630644511400,73252.098512633616000,5,31,SWRN,9768,WA229,2,23-45,34.224273681640625,7.325209855192273,5_SWRN_WA229_23-45,000050006
366,366,2484.183571832254500,28272.739776855451000,5,31,SWRN,9768,WA229,1,0-23,18.101650238037109,2.827273979197018,5_SWRN_WA229_0-23,000050007
367,367,4866.971895834896700,231322.416355815890000,5,11,WATR,9768,WA229,1,0-23,2.397078752517700,23.132241647975601,5_WATR_WA229_0-23,000050002
368,368,2129.300204426515800,21847.117100249106000,5,52,RNGB,9782,WA243,4,66-96,78.135482788085938,2.184711711197696,5_RNGB_WA243_66-96,000050041
369,369,3498.136050131637600,44979.358735843089000,5,31,SWRN,9768,WA229,999,96-9999,122.560852050781250,4.497935875995256,5_SWRN_WA229_96-9999,000050005
370,370,608.371486978139730,5783.060408889642500,5,52,RNGB,9782,WA243,999,96-9999,102.740577697753910,0.578306041199390,5_RNGB_WA243_96-9999,000050040
371,371,2230.695452257990800,34055.800185756903000,5,95,WETN,9768,WA229,1,0-23,4.818856239318848,3.405580020396407,5_WETN_WA229_0-23,000050067
372,372,202.790495660156010,1285.124535315367200,5,95,WETN,9768,WA229,2,23-45,27.363262176513672,0.128512453599864,5_WETN_WA229_23-45,000050068
373,373,253.488119575195010,1927.686802973050800,4,41,FRSD,9782,WA243,2,23-45,37.100955963134766,0.192768680399797,4_FRSD_WA243_23-45,000040027
374,374,101.395247830078010,642.562267657683610,4,41,FRSD,9782,WA243,1,0-23,9.465823173522949,0.064256226799932,4_FRSD_WA243_0-23,000040026
375,375,912.557230469305070,12208.683085472381000,5,11,WATR,9768,WA229,2,23-45,33.845466613769531,1.220868309198712,5_WATR_WA229_23-45,000050001
376,376,1216.742973958607800,13493.807620752337000,2,90,WETF,9782,WA243,3,45-66,50.998249053955078,1.349380762798577,2_WETF_WA243_45-66,000020103
377,377,760.464358723256740,7710.747211850889500,5,41,FRSD,9768,WA229,2,23-45,42.005714416503906,0.771074721599187,5_FRSD_WA229_23-45,000050015
378,378,506.976239148527380,3855.373605922493900,5,41,FRSD,9768,WA229,3,45-66,52.259468078613281,0.385537360799593,5_FRSD_WA229_45-66,000050014
379,379,912.557230467908080,8353.309479484965800,5,31,SWRN,9864,WA325,4,66-96,81.295379638671875,0.835330948399119,5_SWRN_WA325_66-96,000050011
380,380,760.464358724653720,8353.309479526280500,5,31,SWRN,9864,WA325,3,45-66,59.143215179443359,0.835330948399119,5_SWRN_WA325_45-66,000050013
381,381,963.254854383878410,14136.369888415924000,4,71,RNGE,9864,WA325,4,66-96,78.640762329101563,1.413636989598509,4_RNGE_WA325_66-96,000040074
382,382,912.557230469305070,7068.184944205009700,5,52,RNGB,9864,WA325,999,96-9999,110.256713867187500,0.706818494799255,5_RNGB_WA325_96-9999,000050046
383,383,253.488119573798030,1927.686802955345000,5,31,SWRN,9864,WA325,999,96-9999,104.415023803710940,0.192768680399797,5_SWRN_WA325_96-9999,000050012
384,384,202.790495658759030,2570.249070595322800,5,31,SWRN,9864,WA325,2,23-45,37.160564422607422,0.257024907199729,5_SWRN_WA325_23-45,000050010
385,385,253.488119575195010,1927.686802973050800,5,52,RNGB,9864,WA325,1,0-23,10.669985771179199,0.192768680399797,5_RNGB_WA325_0-23,000050045
386,386,1267.440597873646800,17991.743494338418000,5,41,FRSD,9768,WA229,1,0-23,9.913824081420898,1.799174350398102,5_FRSD_WA229_0-23,000050016
387,387,456.278615234885360,3855.373605934297800,5,71,RNGE,9864,WA325,4,66-96,76.785079956054688,0.385537360799593,5_RNGE_WA325_66-96,000050062
388,388,963.254854383412750,8353.309479520377900,5,90,WETF,9768,WA229,2,23-45,30.504121780395508,0.835330948399119,5_WETF_WA229_23-45,000050064
389,389,354.883367404807360,2570.249070624832700,5,71,RNGE,9864,WA325,3,45-66,58.071441650390625,0.257024907199729,5_RNGE_WA325_45-66,000050061
390,390,608.371486979071050,3855.373605928395600,5,71,RNGE,9864,WA325,2,23-45,34.141082763671875,0.385537360799593,5_RNGE_WA325_23-45,000050059
391,391,101.395247830078010,642.562267657683610,5,71,RNGE,9864,WA325,999,96-9999,97.921485900878906,0.064256226799932,5_RNGE_WA325_96-9999,000050060
392,392,202.790495660156010,1285.124535315367200,5,11,WATR,9768,WA229,3,45-66,53.388278961181641,0.128512453599864,5_WATR_WA229_45-66,000050004
393,393,101.395247829612340,642.562267651781670,2,31,SWRN,9864,WA325,999,96-9999,111.472717285156250,0.064256226799932,2_SWRN_WA325_96-9999,000020025
394,394,101.395247830078010,642.562267657683610,5,11,WATR,9768,WA229,4,66-96,72.894737243652344,0.064256226799932,5_WATR_WA229_66-96,000050003
395,395,101.395247829612340,642.562267651781670,5,71,RNGE,9782,WA243,1,0-23,22.078205108642578,0.064256226799932,5_RNGE_WA243_0-23,000050058
396,396,202.790495658759030,1927.686802931737000,5,41,FRSD,9864,WA325,2,23-45,25.160896301269531,0.192768680399797,5_FRSD_WA325_23-45,000050018
397,397,608.371486979071050,7068.184944205009700,5,90,WETF,9768,WA229,3,45-66,50.846817016601563,0.706818494799255,5_WETF_WA229_45-66,000050063
398,398,101.395247830078010,642.562267657683610,5,71,RNGE,9782,WA243,4,66-96,73.048873901367188,0.064256226799932,5_RNGE_WA243_66-96,000050057
399,399,101.395247829612340,642.562267651781670,5,71,RNGE,9782,WA243,2,23-45,41.331352233886719,0.064256226799932,5_RNGE_WA243_23-45,000050056
400,400,101.395247830078010,642.562267657683610,5,71,RNGE,9782,WA243,3,45-66,50.289310455322266,0.064256226799932,5_RNGE_WA243_45-66,000050055
401,401,354.883367404807360,3212.811338276614200,5,41,FRSD,9768,WA229,4,66-96,75.343078613281250,0.321281133999661,5_FRSD_WA229_66-96,000050017